Name,Description,Designator,Footprint,LibRef,Quantity

"Capacitor 4.7µF +/-20% 10V 0603","Chip Capacitor, 4.7µF +/-20%, 10V, 0603, Thickness 1 mm","C1, C2, C21","CAPC0603(1608)100_L","CMP-001-00076-4","3"
"Capacitor 1µF +/-20% 10V 0402","Chip Capacitor, 1µF +/-20%, 10V, 0402, Thickness 0.6 mm","C3, C4","CAPC0402(1005)60_L","CMP-001-00063-3","2"
"Capacitor 100nF +/-20% 10V 0402","Chip Capacitor, 100nF +/-20%, 10V, 0402, Thickness 0.6 mm","C6, C20, C22, C23, C30, C40","CAPC0402(1005)60_L","CMP-001-00061-3","6"
"Capacitor 10µF +/-20% 10V 0603","Chip Capacitor, 10µF +/-20%, 10V, 0603, Thickness 1 mm","C41","CAPC0603(1608)100_L","CMP-001-00075-4","1"
"USB4125-GF-A-0190","Connector","J1","USB4125GFA0190","USB4125-GF-A-0190","1"
"SM02B-SRSS_TB__LF__SN_","Connector","J2","SM02BSRSSTBLFSN","SM02B-SRSS-TB__LF__SN_","1"
"5D6KR2J","5K6 0.063W 5% 0402 (1005 Metric)  SMD","R1, R2","RESC0402(1005)_L","CMP-009-00108-2","2"
"10KR2F","10K 0.063W 1% 0402 (1005 Metric)  SMD","R3, R4, R20, R30","RESC0402(1005)_L","CMP-009-00066-2","4"
"Resistor 1M +/-1 % 0402 63 mW","Chip Resistor, 1 MOhms, +/-1 %, 63 mW, -55 to 155 degC, 0402","R7, R8","RESC0402(1005)_L","CMP-009-00165-3","2"
"4D7KR2F","4K7 0.063W 1% 0402 (1005 Metric)  SMD","R40, R41","RESC0402(1005)_L","CMP-009-00105-2","2"
"MCP73831T-2ACI_OT","Integrated Circuit","U1","SOT95P270X145-5N","MCP73831T-2ACI_OT","1"
"TPS7A0233DBVR","Integrated Circuit","U2","SOT95P280X145-5N","TPS7A0233DBVR","1"
"STM32L031K6U6","Integrated Circuit","U3","QFN50P500X500X60-33N-D","STM32L031K6U6","1"
"RV-3028-C7","Crystal or Oscillator","U4","RV3028C732768kHz1ppmTAQC","RV-3028-C7","1"
"LIS2DW12TR","Accelerometer X, Y, Z Axis Â±2g, 4g, 8g, 16g 400Hz 12-LGA _2x2_","U5","LGA12R50P4X4_200X200X70","LIS2DW12TR","1"
